ORGID,ORGABBREV,ORGNAME,ORGADD,ORGPHONE,ORGEMAIL,ORGWWW
GSC-CC_CGC-CC,GSC_CGC-Central Canada,GSC_CGC-Central Canada,"601 Booth Street, Ottawa, ON, K1A 0E8","<Null>",GSC.info.CGC@NRCan.gc.ca,
GSC-NC_CGC-NC,GSC_CGC-Northern Canada,GSC_CGC-Northern Canada,"601 Booth Street, Ottawa, ON, K1A 0E8","<Null>",GSC.info.CGC@NRCan.gc.ca,
GSC-ATL_CGC-ATL,GSC_CGC-Atlantic,GSC_CGC-Atlantic,"1 Challenger Drive, Dartmouth, Nova Scotia, B2Y 4A2","<Null>",GSC.info.CGC@NRCan.gc.ca,
GSC-CAL_CGC-CAL,GSC_CGC-Calgary,GSC_CGC-Calgary,"3303 33 Street NW, Calgary, Alberta, T2L 2A7","<Null>",GSC.info.CGC@NRCan.gc.ca,
GSC-PAC_CGC-PAC,GSC_CGC-Pacific-Vancouver,GSC_CGC-Pacific-Vancouver,"1500 – 605 Robson Street, Vancouver, British Columbia, V6B 5J3","<Null>",GSC.info.CGC@NRCan.gc.ca,
GSC-PAC-SYD_CGC-PAC-SYD,GSC_CGC-Pacific-Sydney,GSC_CGC-Pacific-Sydney,"9860 West Saanich Road, Sidney, British Columbia, V8L 4B2 ","<Null>",GSC.info.CGC@NRCan.gc.ca,
GSC-CNCB.CGC-DCNC,CNGO_Iqualuit,Canada-Nunavut Geoscience Office,"1106 Ikaluktuutiak Drive, Iqaluit, Nunavut, X0A 0H0","<Null>",GSC.info.CGC@NRCan.gc.ca,
GSC-QUE_CGC-QC,GSC_CGC-Quebec,GSC_CGC-Quebec,"490, de la Couronne, 3rd floor, Quebec, QC, G1K 9A9","<Null>",GSC.info.CGC@NRCan.gc.ca,
GSC-CHIS_CGC-SIDNC,CHIS_Ottawa,Canadian Hazards Information Service,"930 Carling Avenue, CEF, Building 7, Observatory Crescent, Ottawa, ON, K1A 0Y3","<Null>",GSC.info.CGC@NRCan.gc.ca,
